分类,订单号,内部单号,客户,数量,单位,生命周期,终止类型,终止原因,终止时间,审批人,负责人,链接
"A-需确认(已完成却标取消)","QM-20260403-015","1022836订单","AP","1800","件","completed","取消","客户修改样衣，重新提交。","2026-07-06","Alex","王海莲","https://order.qimoactivewear.com/orders/7c0bf24b-44f1-4d85-b13f-2b11984cdd80"
"B-已取消(有原因有审批,抽查即可)","QM-20260406-007","525","rag","37440","件","cancelled","取消","客人取消订单","2026-04-28","Alex","Winnie","https://order.qimoactivewear.com/orders/88590563-c67f-4571-bc65-4d33746425fa"
"B-已取消(有原因有审批,抽查即可)","QM-20260516-012","1022869","EHL","900","件","cancelled","取消","订单转给其他业务","2026-07-14","Alex","Vivi","https://order.qimoactivewear.com/orders/c0d607d1-875d-4fb2-baa7-0ca666bdab59"
"B-已取消(有原因有审批,抽查即可)","QM-20260516-013","1022870","EHL","900","件","cancelled","取消","其他","2026-07-14","Alex","Vivi","https://order.qimoactivewear.com/orders/dd8707c0-ea59-48bd-9074-d37ff0f1099f"
"B-已取消(有原因有审批,抽查即可)","QM-20260516-015","1022871","EHL","1440","件","cancelled","取消","订单转给其他业务","2026-07-14","Alex","Vivi","https://order.qimoactivewear.com/orders/b6d9776c-59b2-4ebe-8f1a-052411960b25"
"B-已取消(有原因有审批,抽查即可)","QM-20260516-016","1022872","EHL","1440","件","cancelled","取消","订单转给其他业务","2026-07-14","Alex","Vivi","https://order.qimoactivewear.com/orders/19f9b520-2110-4026-bf0f-1c9425fa20a0"
"B-已取消(有原因有审批,抽查即可)","QM-20260518-022","RK5.10.26","USA","45465","件","cancelled","取消","其他","2026-07-14","Alex","Winnie","https://order.qimoactivewear.com/orders/b58557f1-702c-401e-9bec-d1adc152c9f1"
"B-已取消(有原因有审批,抽查即可)","QM-20260518-023","BLACK PUSH","USA","39000","件","cancelled","取消","其他","2026-07-14","Alex","Winnie","https://order.qimoactivewear.com/orders/a6f1162d-08fd-44bc-9462-95696dee54b6"
"B-已取消(有原因有审批,抽查即可)","QM-20260518-024","RK6.10.26","USA","17577","件","cancelled","取消","其他","2026-07-06","Alex","Winnie","https://order.qimoactivewear.com/orders/14d838ef-0ae2-49d1-b87b-15ca0c5724d0"
"B-已取消(有原因有审批,抽查即可)","QM-20260601-001","1022919","EHL","816","件","cancelled","取消","客人PO未发，先取消，等客人PO发来后上系统","2026-07-14","Alex","May","https://order.qimoactivewear.com/orders/b09a0c8f-1861-481f-ac9c-0b8c0d51f34d"
"B-已取消(有原因有审批,抽查即可)","QM-20260710-017","1022965","rag","57600","套","cancelled","取消","无法生成生产任务单 需要重新上传操作","2026-07-11","","Winnie","https://order.qimoactivewear.com/orders/792d25e3-ea84-4fd4-a573-6889d778260a"
"C-已完成(无需确认)","QM-20260402-001","510B","rag","13152","套","completed","","","2026-04-09","","欧璐","https://order.qimoactivewear.com/orders/700bc75a-2126-4171-a5c5-001008ae6e73"
"C-已完成(无需确认)","QM-20260402-002","511","rag","30288","套","completed","","","2026-04-09","","欧璐","https://order.qimoactivewear.com/orders/da653504-4e95-4816-b68d-cb3f357fad29"
"C-已完成(无需确认)","QM-20260402-003","511B","rag","19728","套","completed","","","2026-05-15","","欧璐","https://order.qimoactivewear.com/orders/92d4d73d-8e49-4989-ba3a-f872e329890d"
"C-已完成(无需确认)","QM-20260402-008","503B","rag","9600","件","completed","","","2026-05-15","","欧璐","https://order.qimoactivewear.com/orders/07d3b025-ea0e-4ed1-b2d1-f879e1a0dd7c"
"C-已完成(无需确认)","QM-20260403-002","533","rag","22032","件","completed","","","2026-04-28","","Winnie","https://order.qimoactivewear.com/orders/9a37f697-774e-4e1d-9c4d-c0b542e952fa"
"C-已完成(无需确认)","QM-20260403-003","533B","rag","28704","套","completed","","","2026-04-28","","Winnie","https://order.qimoactivewear.com/orders/c14e1ff6-7d50-4354-88e0-441793b15e69"
"C-已完成(无需确认)","QM-20260403-004","534","rag","28560","件","completed","","","2026-05-15","","Winnie","https://order.qimoactivewear.com/orders/d629349b-0002-4e63-b140-18d8f7ed2212"
"C-已完成(无需确认)","QM-20260403-005","1022839","EHL","1368","件","completed","","","2026-05-15","","Vivi","https://order.qimoactivewear.com/orders/28681f85-8340-4eb4-8eb3-5fe0ccc4cec2"
"C-已完成(无需确认)","QM-20260403-006","1022839","EHL","1368","件","completed","","","2026-05-18","","Vivi","https://order.qimoactivewear.com/orders/d6564f9c-019c-4809-86a5-cb76c1441e17"
"C-已完成(无需确认)","QM-20260403-007","1022839","EHL","300","件","completed","","","2026-05-18","","Vivi","https://order.qimoactivewear.com/orders/908ca6c3-4d2b-490b-8fc8-feeda4af3d40"
"C-已完成(无需确认)","QM-20260403-010","1022826","年年旺","3000","套","completed","","","2026-04-21","","陈陈","https://order.qimoactivewear.com/orders/4a36d0bf-15ab-4593-b855-50fcc18f0a40"
"C-已完成(无需确认)","QM-20260403-011","1022832","年年旺","14400","套","completed","","","2026-05-29","","陈陈","https://order.qimoactivewear.com/orders/3739b5cd-2b76-4791-8a57-637bab1c6b81"
"C-已完成(无需确认)","QM-20260403-012","1022833","年年旺","13560","套","completed","","","2026-05-15","","陈陈","https://order.qimoactivewear.com/orders/cbc957c0-9bce-4ff2-ae15-cca1d48b4c73"
"C-已完成(无需确认)","QM-20260403-014","503","rag","10992","件","completed","","","2026-05-15","","欧璐","https://order.qimoactivewear.com/orders/58d39bfc-6439-4967-b25a-113f63214aa9"
"C-已完成(无需确认)","QM-20260403-016","518","rag","1440","件","completed","","","2026-05-15","","欧璐","https://order.qimoactivewear.com/orders/d9c5489d-1f15-48dd-85d1-53709deaaab8"
"C-已完成(无需确认)","QM-20260403-017","PO3301978-1","S2","36000","件","completed","","","2026-04-16","","欧璐","https://order.qimoactivewear.com/orders/1e1b1934-2e96-479c-9152-26fbc2b5db64"
"C-已完成(无需确认)","QM-20260403-019","1022831","伊彤","6600","件","completed","","","2026-05-15","","王海莲","https://order.qimoactivewear.com/orders/25d176f4-576d-41ec-b831-81d7760cdf3e"
"C-已完成(无需确认)","QM-20260403-020","1022763","宁波巴拿马","5024","件","completed","","","2026-04-15","","欧璐","https://order.qimoactivewear.com/orders/2328bfe6-f177-4569-857c-65b57f101fe7"
"C-已完成(无需确认)","QM-20260403-021","515-1","rag","22080","套","completed","","","2026-05-15","","欧璐","https://order.qimoactivewear.com/orders/434e2b54-2744-4fa5-a0d5-854426271755"
"C-已完成(无需确认)","QM-20260403-022","515-2","rag","23040","套","completed","","","2026-05-15","","欧璐","https://order.qimoactivewear.com/orders/2e41c996-1c48-4c98-b31d-406f6bf3e297"
"C-已完成(无需确认)","QM-20260403-023","1022841","伊彤","600","件","completed","","","2026-07-06","","王海莲","https://order.qimoactivewear.com/orders/f9d5f1a2-70cb-4d4d-b725-923367b8cbd1"
"C-已完成(无需确认)","QM-20260403-024","519-1","rag","31200","套","completed","","","2026-05-15","","欧璐","https://order.qimoactivewear.com/orders/f77e9184-8727-42f2-a05e-af86a86e06ef"
"C-已完成(无需确认)","QM-20260403-025","519-2","rag","18000","套","completed","","","2026-05-15","","欧璐","https://order.qimoactivewear.com/orders/1532eb39-72ac-48ba-b836-e7b93fd4c107"
"C-已完成(无需确认)","QM-20260403-026","534B","rag","6720","套","completed","","","2026-05-15","","Winnie","https://order.qimoactivewear.com/orders/1d91cc84-9c5a-4a80-b256-af9be82ebac2"
"C-已完成(无需确认)","QM-20260403-027","491","rag","24000","件","completed","","","2026-04-18","","Winnie","https://order.qimoactivewear.com/orders/866259fd-7062-4faf-8fda-235d00c06351"
"C-已完成(无需确认)","QM-20260403-028","1022842","伊彤","28320","套","completed","","","2026-07-06","","王海莲","https://order.qimoactivewear.com/orders/42525b3c-8e46-4df5-a287-1806c9137fa6"
"C-已完成(无需确认)","QM-20260403-029","512","rag","46032","套","completed","","","2026-05-15","","Winnie","https://order.qimoactivewear.com/orders/a80c1c32-e6e1-40f1-892d-c9b5f8cbda79"
"C-已完成(无需确认)","QM-20260403-030","512B","rag","26304","套","completed","","","2026-05-15","","Winnie","https://order.qimoactivewear.com/orders/db7bc089-0f01-4b75-806c-3c3f8f9af66d"
"C-已完成(无需确认)","QM-20260403-031","1022843","伊彤","6720","套","completed","","","2026-05-19","","王海莲","https://order.qimoactivewear.com/orders/ca3df7c5-7299-4a08-ac83-778f9a13f70f"
"C-已完成(无需确认)","QM-20260403-032","537","rag","12960","件","completed","","","2026-04-14","","Winnie","https://order.qimoactivewear.com/orders/4ed9ade0-05bb-4f33-b898-a20c9d34a081"
"C-已完成(无需确认)","QM-20260403-033","1022844","伊彤","4800","件","completed","","","2026-07-06","","王海莲","https://order.qimoactivewear.com/orders/df451198-c1f6-4a7c-8dca-33cb50b179e6"
"C-已完成(无需确认)","QM-20260403-034","531","rag","27360","件","completed","","","2026-04-14","","Winnie","https://order.qimoactivewear.com/orders/4a2e98a5-b0a4-4b3f-9f85-08e49802c443"
"C-已完成(无需确认)","QM-20260403-035","538","rag","72336","件","completed","","","2026-04-14","","Winnie","https://order.qimoactivewear.com/orders/b44c9abb-0972-45f3-8124-7f97de198a70"
"C-已完成(无需确认)","QM-20260403-036","524","rag","76800","件","completed","","","2026-05-18","","Winnie","https://order.qimoactivewear.com/orders/c1dea5b1-ebe2-479f-8d74-35d2ba1f4eb7"
"C-已完成(无需确认)","QM-20260403-037","529","rag","41952","件","completed","","","2026-05-18","","Winnie","https://order.qimoactivewear.com/orders/dddcb00b-5e93-40ab-8361-75b340f9c98c"
"C-已完成(无需确认)","QM-20260406-001","1022838","Lit26","32400","件","completed","","","2026-05-26","","Vivi","https://order.qimoactivewear.com/orders/ac1d5f0a-3135-4722-b061-32694413cc22"
"C-已完成(无需确认)","QM-20260406-003","1022830","杭州杨小姐","2000","件","completed","","","2026-04-16","","陈陈","https://order.qimoactivewear.com/orders/ed9d27c3-d2d8-45de-acb6-aa66ae89bae6"
"C-已完成(无需确认)","QM-20260406-004","1022848","Habib","2400","件","completed","","","2026-05-15","","陈陈","https://order.qimoactivewear.com/orders/81b9593f-d1bc-4aae-8867-76f8b6f73e1b"
"C-已完成(无需确认)","QM-20260406-006","1022849订单","杭州秀儿","6960","件","completed","","","2026-07-06","","王海莲","https://order.qimoactivewear.com/orders/368678f2-23d9-4af9-846d-0eeb286c8fe2"
"C-已完成(无需确认)","QM-20260406-008","RK4.10.26","USA","45235","件","completed","","","2026-05-15","","Winnie","https://order.qimoactivewear.com/orders/e68eb2d2-26ae-443e-9298-7c342cbc95e1"
"C-已完成(无需确认)","QM-20260406-009","1022825","PITCH","3200","件","completed","","","2026-05-15","","Winnie","https://order.qimoactivewear.com/orders/c2e2c18a-4627-4aef-9116-270f14809e15"
"C-已完成(无需确认)","QM-20260408-003","1022852","年年旺","9000","套","completed","","","2026-05-15","","陈陈","https://order.qimoactivewear.com/orders/af7eeae3-fdce-42c6-ad54-7aeeb099981a"
"C-已完成(无需确认)","QM-20260408-004","1022853","杭州杨小姐","2620","件","completed","","","2026-05-15","","陈陈","https://order.qimoactivewear.com/orders/caca2d65-b869-46fb-96b3-84e9ca86c43f"
"C-已完成(无需确认)","QM-20260409-002","1022851","年年旺","3000","套","completed","","","2026-05-15","","陈陈","https://order.qimoactivewear.com/orders/4353c5e5-347f-4da6-be0e-24c9c313fa58"
"C-已完成(无需确认)","QM-20260409-003","1022845","EHL","1200","件","completed","","","2026-05-15","","Vivi","https://order.qimoactivewear.com/orders/e1c46316-3162-4da9-a8b9-f6508fa12975"
"C-已完成(无需确认)","QM-20260409-004","1022846","EHL","864","件","completed","","","2026-05-15","","Vivi","https://order.qimoactivewear.com/orders/2300b5dc-29ce-43fe-aa79-d4aeaaf1dae5"
"C-已完成(无需确认)","QM-20260409-005","1022847","EHL","216","件","completed","","","2026-05-27","","Vivi","https://order.qimoactivewear.com/orders/d6b6186f-91b6-4e7f-9f6f-8ef74be7cbf8"
"C-已完成(无需确认)","QM-20260410-002","1022839","EHL","300","件","completed","","","2026-05-15","","Vivi","https://order.qimoactivewear.com/orders/6ef96af8-f0c6-4d31-a6d9-6a6b24de60c3"
"C-已完成(无需确认)","QM-20260411-001","1022829","EHL","2880","件","completed","","","2026-05-16","","Vivi","https://order.qimoactivewear.com/orders/721e49bc-e480-41e2-974f-ec1750d2d1cb"
"C-已完成(无需确认)","QM-20260411-002","1022813","年年旺","14760","套","completed","","","2026-04-13","","陈陈","https://order.qimoactivewear.com/orders/71bb4cf1-d992-4a88-84fc-7316f73aa5be"
"C-已完成(无需确认)","QM-20260411-003","1022818","年年旺","9600","件","completed","","","2026-04-16","","陈陈","https://order.qimoactivewear.com/orders/d3a0c773-b846-40ea-bb67-ba582a0f3b41"
"C-已完成(无需确认)","QM-20260414-002","1022801","巴拿马","2304","件","completed","","","2026-05-15","","小英","https://order.qimoactivewear.com/orders/2dadc4e7-af4b-464b-8c01-d697659c6098"
"C-已完成(无需确认)","QM-20260414-003","1022817","巴拿马","11880","件","completed","","","2026-07-06","","小英","https://order.qimoactivewear.com/orders/b25b8a8b-7b93-41e8-86e7-f4f3e47f099d"
"C-已完成(无需确认)","QM-20260418-001","NO.1022638-A","Temu","2160","件","completed","","","2026-05-15","","王一凡","https://order.qimoactivewear.com/orders/05db7997-3119-4b3f-8af3-5a418f085b37"
"C-已完成(无需确认)","QM-20260418-003","466B","rag","15840","套","completed","","","2026-04-18","","欧璐","https://order.qimoactivewear.com/orders/30eef486-d0d5-42ce-9e47-ef30e21a8028"
"C-已完成(无需确认)","QM-20260418-004","485","rag","28800","件","completed","","","2026-04-18","","欧璐","https://order.qimoactivewear.com/orders/853518f2-f3f2-42ea-870a-5b9a39b3f968"
"C-已完成(无需确认)","QM-20260418-005","485-1","rag","41520","件","completed","","","2026-05-18","","欧璐","https://order.qimoactivewear.com/orders/e9c27c02-7edf-4510-89ad-f8a65fa61372"
"C-已完成(无需确认)","QM-20260418-007","485B","rag","12000","件","completed","","","2026-07-06","","欧璐","https://order.qimoactivewear.com/orders/ccdec302-2fca-48d6-8b6f-2ef0974929dc"
"C-已完成(无需确认)","QM-20260418-008","485B-1","rag","1440","件","completed","","","2026-07-06","","欧璐","https://order.qimoactivewear.com/orders/e55b62f3-4384-48bd-bb61-3667d9347a5c"
"C-已完成(无需确认)","QM-20260418-009","510","rag","48720","套","completed","","","2026-04-18","","欧璐","https://order.qimoactivewear.com/orders/e1cbadc1-f34f-4463-88b1-c9fdaba75577"
"C-已完成(无需确认)","QM-20260418-010","PO3301961","S2","25600","件","completed","","","2026-04-18","","欧璐","https://order.qimoactivewear.com/orders/84ebbf92-ddec-4b0e-8ee4-8632ed474648"
"C-已完成(无需确认)","QM-20260418-011","PO3301964","S2","1860","件","completed","","","2026-04-18","","欧璐","https://order.qimoactivewear.com/orders/d7a5513c-7907-4322-bee0-8ead3f69e1aa"
"C-已完成(无需确认)","QM-20260427-001","1022862订单","sunny","3500","件","completed","","","2026-05-15","","陈陈","https://order.qimoactivewear.com/orders/dc751764-7f3b-4c9d-84a4-2e6d26e5a8cf"
"C-已完成(无需确认)","QM-20260518-001","1022889","伊彤","4800","件","completed","","","2026-07-06","","王海莲","https://order.qimoactivewear.com/orders/d928d54f-9361-48d7-81aa-352a6fcfc6a5"
"C-已完成(无需确认)","QM-20260518-007","539订单","rag","93312","件","completed","","","2026-07-06","","Winnie","https://order.qimoactivewear.com/orders/30ade35c-e1a6-4848-bfe4-95f74a7797f9"
"C-已完成(无需确认)","QM-20260518-009","527","rag","9720","件","completed","","","2026-07-06","","Winnie","https://order.qimoactivewear.com/orders/018e1dda-0b66-49bd-9858-04ffb25c5cac"
"C-已完成(无需确认)","QM-20260518-011","543","rag","7776","件","completed","","","2026-07-06","","Winnie","https://order.qimoactivewear.com/orders/932ab227-1a94-4a6b-be55-9456c8c19467"
"C-已完成(无需确认)","QM-20260518-012","543B","rag","10368","套","completed","","","2026-07-06","","Winnie","https://order.qimoactivewear.com/orders/83baff7a-57ec-4d1e-b451-fe4081e9bbb0"
"C-已完成(无需确认)","QM-20260518-013","542","rag","62208","套","completed","","","2026-07-06","","Winnie","https://order.qimoactivewear.com/orders/07169f6a-4f66-47ec-98a1-2c86b80cbbd2"
"C-已完成(无需确认)","QM-20260518-014","544","rag","18239","件","completed","","","2026-07-06","","Winnie","https://order.qimoactivewear.com/orders/fd9471dc-ba5f-4098-82dc-e4907f0bbc43"
"C-已完成(无需确认)","QM-20260518-015","544B","rag","6720","套","completed","","","2026-07-06","","Winnie","https://order.qimoactivewear.com/orders/c0dd4e7e-0b75-41be-b25f-7dc4537492d2"
"C-已完成(无需确认)","QM-20260518-025","RK7.10.26","USA","45260","件","completed","","","2026-07-16","","Winnie","https://order.qimoactivewear.com/orders/df4e65cc-41a5-4f02-ba2b-7f1453962f79"
"C-已完成(无需确认)","QM-20260519-003","1022890","伊彤","4200","件","completed","","","2026-07-06","","王海莲","https://order.qimoactivewear.com/orders/6cbfd8e6-6903-4c47-a850-47d1dffde2f9"
"C-已完成(无需确认)","QM-20260709-001","583","rag","24384","件","completed","","","2026-07-15","","Winnie","https://order.qimoactivewear.com/orders/57d64c58-8e7c-4ac8-9030-a629fd416a7d"
"C-已完成(无需确认)","QM-20260709-002","583B","rag","8640","件","completed","","","2026-07-15","","Winnie","https://order.qimoactivewear.com/orders/76a39442-0836-49ff-a0f6-c671a686c309"
